profile_number,profile_name,t,eta,kappa,delta,c
12,prof_12,0.1837401335882308,0.16858401202959017,0.05790591230263682,4.413502496792518,0.6126678176850813
13,prof_13,0.13107503268332804,0.16985224323541193,0.05329714236630869,4.017724967780509,0.8597467498298553
14,prof_14,0.10367815774533831,0.15705277615122282,0.04869966128553616,3.620410445793709,1.0880883925145972
15,prof_15,0.08722957327447056,0.13027264956847756,0.04458186285288271,3.2215883909548495,1.2946373853203066
16,prof_16,0.07668055951311557,0.07563255074915197,0.04137521579333781,2.8212890716246193,1.474302405344304
17,prof_17,0.06986475545314041,0.04906629426951104,0.04017997780145638,2.419543557580738,1.6198439294030769
18,prof_18,0.08805852729442161,0.16858401202959017,0.05790591230263682,4.413502496792518,1.7211393905471457
